reviewId,userName,content,score,thumbsUpCount,at,reviewCreatedVersion
5bc54a2d-58f0-46f5-a3c8-ff9195d65a57,Mas Arga,busukk,1,0,2026-06-29 09:47:18,3.3.0
81cc0552-36d7-4c4a-ab30-0c404e158772,John Wiley,aplikasi yang dulu lebih bagus kalau aplikasi sekarang yang kartu halo mau langganan wetv ngak ada,1,0,2026-06-29 08:38:45,
756d732f-01f3-4953-a0e6-b946b1a1c980,Maizar Adil,p labil aplikasinya nggak punya terobosan yang inovatif intinya aplikasi payah,1,0,2026-06-28 23:17:12,3.3.0
41b687a5-b12d-40e0-a7b1-1cc0f83e8fd3,Ghallih RedboT,"dh paket mahal harga ber ubah², aplikasih susah d buka masukin nomer hape jg gk keterima..., gk niat amat.",1,0,2026-06-28 20:29:45,3.3.0
a3b92cee-1938-46b7-89da-fb3e3e411b41,Bangkitcepe,busuk,1,0,2026-06-28 19:35:54,
34c896c5-29ae-4586-94cb-f79bd1f5c62f,Periyono,ok lah,4,0,2026-06-28 18:21:25,3.3.0
17e3939e-3de5-4ddf-8979-594dae8b2921,BARONA,Jauh lebih ringan dan simple,4,0,2026-06-28 15:18:53,3.3.0
faa8c4d0-716d-4b49-92e5-f3b67dfe1410,Junaidi Eddy,Bagus tambah... Susah dibukanya sekarang suka berhenti sendiri... sekarang maaf saya kurangi bintangnya kenapa... karena sekarang ketika saya maketi paket internet simpati Telkomsel... setelahnya tiba-tiba tanpa saya lakukan nomor saya sudah berlanggan konten yang tidak saya lakukan dan kalau saya masih ada sisa pulsa langsung terpotong sesua kontennya... sampai habis pulsanya... walaupun saya sudah berhenti langganan via *500# ... terus akan ada notifikasi saya berlanggan yang tdk saya lakukan.,1,1,2026-06-28 08:25:54,3.3.0
2af0ae99-2ec3-44c9-91e5-a1d1388a8e45,atin yesiana,aplikasi ini sangat lambat ...,1,0,2026-06-28 07:19:28,
18b186a4-b348-4a22-8fce-0437bd202cec,Gigi Ceper,tower sebelah stasiun taman kota jakarta barat mati dah lama pantes sinyal hilang2an gak dapat sinyal.lemot,3,0,2026-06-28 02:08:12,3.3.0
6f5bf151-3b16-4c39-ac4c-a40605a6532b,Gedi Gusman,susah sekali pakai internet lokal ngk jelas,1,0,2026-06-27 22:41:14,3.3.0
e928d73f-74de-4fbc-b1a4-ca72eeae350a,Jho Ker,telkomsel jelek. makin hancur dan makin mahal.,1,0,2026-06-27 20:40:33,
a0380ea0-c2d7-401c-801e-b5f96031d952,Dwiyansah 005,always showing pop up 'koneksi terputus',1,0,2026-06-27 12:54:19,
398a8bb2-ea71-444d-a6f2-bdcd2cfb2bf9,heri iswanto,bumn minus,1,0,2026-06-27 11:22:15,3.3.0
8da5b408-ed00-4bdb-8b12-31453c5ff3a3,Abdul Ilah Husen Badjeber,"Tidak bisa masuk, link yang di kirim di arahkan ke spam",5,0,2026-06-27 11:05:44,3.3.0
11b4dff1-b9ea-4a5d-9492-155b8bfdf2e2,Irwan “ᅲ뭉ᄃᄀᄆᄏᄏᄉ”,susah ngga ada pembayaran dana atau gopay,1,4,2026-06-27 10:33:49,2.0.0
632392b9-1d07-484d-8447-2659999579ac,Sofyan Hs,mantap,5,0,2026-06-26 16:15:16,
1f0480b1-ae06-4ace-8ce8-5382f8711fc4,Jamaluddin Ahmad,Telkomsel ok,5,0,2026-06-26 13:58:11,3.3.0
5c56c939-0cb7-42ed-8bee-dd038b680d2a,Hensi Ferdiansyah,bagus nyoba apk yang ini mudah login dan gak ribet dan untuk paket lumayan murah dan sinyal kuat karna sudah 5 g di banding yang sebelumnya,5,0,2026-06-26 13:26:48,3.3.0
258544a5-5a8c-463b-bc37-d855763d79ed,Ely Elyawati,loading trus saat buka aplikasi padahal jaringan lancar,2,0,2026-06-26 09:10:38,
55adeb3c-d07a-4250-9c93-bc4d1e0bf12f,H.A.R,mau tukar poin aja susah,1,0,2026-06-26 06:02:46,3.3.0
3d371552-4d3e-42ec-abdf-f72bd976bbe5,Hendrik Samori,lancar,5,0,2026-06-26 05:58:48,3.3.0
dca9cd56-b97f-43b6-b19b-a85ebd162093,Zainaldi Aldi,"aneeehh, jaringan lancar ga masuk"" pas mau masuk ""koneksi terputus mulu"" padahal jaringan ada,baru masuk aja udah erorr",1,0,2026-06-25 23:22:14,
10b633c0-fd39-478a-8c2e-988a620a08ee,David Vico Aranda,Very very nice,5,0,2026-06-25 22:52:11,3.3.0
6405f80f-d35a-43da-ab4b-0e2c79d3ca8d,MAR DIAN (KETUA RT 58),mantap,5,0,2026-06-25 22:49:41,3.3.0
2649cd0b-2b84-485a-8680-e69fc3623922,dian doblin,aplikasi busuk,1,0,2026-06-25 19:15:07,3.3.0
aff0636e-1f58-4ceb-85c8-aa82e8542eb3,Jhoseff Ruron,aplikasinya simpel dan tidak tibet..,5,0,2026-06-25 18:57:44,3.3.0
d5a37bc6-8eb5-4345-bcd6-5795adcc297f,azwari efendi,loginnya agak susah,2,0,2026-06-25 12:49:36,3.3.0
c1b9e364-63dc-4f94-8816-37cd7c8b5ee1,Azuma Kayzo,PERBAIKI SINYAL LU BADJINGAN!!,1,0,2026-06-25 11:03:24,3.3.0
4f92e3ba-22ad-4ba9-b2fb-93d9e35489bd,Khairul Nursyaf,"Cuman kurang cara migrasi di prabayar ke pasca bayar blm ada,tp semuanya ok👍",5,0,2026-06-25 10:56:28,
8302483e-b1ea-45a8-a01d-88c4fcea2aa4,elas komalasari,knapa skrg Telkomsel sangat jelek sekali sinyal nya. tidak sperti dulu.. saya sudah 10 tahun pake Telkomsel. masa Saya harus ganti pake prodak yg laen,5,0,2026-06-25 00:48:45,3.3.0
6f2a4e82-66d9-493c-bdf4-a1875d2cb39d,Frenton Togatorop,Suruh mengundurkan diri manager daerah RIAU (Rohil) Jaman sudah canggih tapi mental ketertinggalan masih dipakai. Kenapa buruk Telkomsel didaerah Riau. Apakah dia tidak mampu menangani atau memang Alat Provider tidak mendukung. Saya sangat kecewa beli paket sering tidak terpakai habis. Coba yang benar-benar pahamlah yang jadi managernya. Mohon diperbaiki atau diperiksa Telkomsel daerah Riau. Apa kendalanya? Tembusan ini harus kemana ditujukan atau ditembuskan?,1,0,2026-06-24 23:22:11,
60da3901-74f5-4bab-afab-4203050b9693,Nyenyenye Wleee,busuk bgt koneksi terputus terus pdhl sinyal bsgus emng apknya aja yg ada gila gilanya. sinting deh,1,0,2026-06-24 22:08:30,
f97e6217-568e-453b-b29b-ca253380404b,Muhammad Saleng naba,👍👍👍,5,0,2026-06-24 22:05:31,3.3.0
6f46ce54-c63c-4fe4-8153-baaa2d89cd28,Yek Ridho Syahab,Terbaik ...,5,0,2026-06-24 19:50:33,
f4b9d129-4902-40d7-aa64-0cf4865d369e,Dominikus Dom,Lumayan bagus tapi loadingnya agak terlambat,4,0,2026-06-24 08:07:32,3.3.0
ba41fc21-0d39-42fe-8197-0049224e4442,Wak We,bagi kuota gratis,5,0,2026-06-24 03:42:15,
ecfce4bb-99d4-491e-a6ab-6cb63209042f,sakarepmu Dewe,sinyal jos,5,0,2026-06-24 01:54:26,
5eb65130-f220-401a-87f6-0db567ed1bcb,Daiva Athallah,"Simpel, tapi sering error buat masuk",3,0,2026-06-23 21:52:27,3.0.0
7de65348-678c-4013-9770-6998d0341b34,CHRIS CHRIS,sangat membantu,5,0,2026-06-23 21:43:57,3.3.0
bcb4b796-c33a-44af-ae19-aaf197f202ef,Zeven Zeven,"Telkomsel jelek,,semakin lama kartu di pake semakin mahal datanya, dan jaringan nya sangat tidak stabil, terlalu lemot",1,0,2026-06-23 20:09:35,3.3.0
4adca396-9291-402f-a398-8b11f45748a7,Junet Ganteng,aplikasi kimakk,1,0,2026-06-23 18:38:06,3.3.0
4f10bcb1-07f5-4eca-8079-3f7edce51d90,Nabilla Taqiyya,parah bgt ...ampuuuun,1,0,2026-06-23 13:05:50,
4c179b44-5e25-4498-8bdd-151953eb75e5,Suparno,aplikasinya buruk,1,0,2026-06-23 07:28:36,3.3.0
03ac987a-82af-4ab7-a659-683cebeaa2a1,Ridwan Jiban,Telkomsel sinyal paling busuk!,1,0,2026-06-22 23:49:46,3.3.0
d88d401a-20f3-4e3f-a2bc-8e17760fef00,Muhammad Firman,coba kasi murah lagi mkin mahal aja,5,0,2026-06-22 19:37:58,3.3.0
3cfb73fb-2247-49e7-a233-b035bbbb03bb,Juliansyah Jol,buriq,1,0,2026-06-22 18:24:39,
6872b942-358f-4d05-8655-008b7a270744,Irwan Armanda,belum dapat hadiah acan,5,0,2026-06-22 03:05:10,
d69f16c1-94eb-4678-8282-cf65994e6b77,Atjin Aja,ngga mau akses,1,0,2026-06-21 23:11:36,3.2.0
eba817b0-4c2c-4037-bff0-f282a4ed53c7,Hari Setiaji,bagus,5,0,2026-06-21 21:34:05,3.3.0
fd1a9966-f0cb-433a-b7a3-c9fcf0a82f15,Cahya gilang Ramadhan,busuk,1,0,2026-06-21 21:28:03,3.3.0
e8efd279-8d73-47d0-90eb-be9c3bf763aa,Agus Subarkah,🤗🙂gue coba dulu ya...gue blm berani coment klo blm di coba.,3,0,2026-06-21 21:22:51,2.0.0
6d7c6607-440c-4f0d-bf8f-41c714b2bcae,nay,"suka error error terus, beli kuota atau masa aktif gak bisa pake pulsa, padahal pulsa saya msih tpi selalu coba lagi error terus. aplikasi simple ringan tapi tidak dengan isinya",1,1,2026-06-21 21:20:35,3.3.0
610e086b-3679-4b53-8307-0c871eec538e,Erry Cahyono,sangat bagus,5,0,2026-06-21 17:04:03,3.3.0
085b1227-1ed3-47cb-b68c-6d03e839bbf7,Fajar Maulana,mending hapus aja daripada gabisa di buka!,1,0,2026-06-21 14:51:39,3.3.0
4de23335-493e-49fb-bda0-a798b32dab07,Alok Botak,"tolong dong developer, perbaiki spam tulisan ""koneksi terputus"" muncul terus setiap kali geser layar",2,0,2026-06-21 10:56:43,3.3.0
c88dfd93-edcd-434e-87bd-a5d9039a7aaf,Sita Edi,mantap,5,0,2026-06-21 01:52:51,3.3.0
da2f059e-3118-41ae-881b-b522f4eff520,Wendy yogatama,Bikin aplikasi saja ga bisa Bikin aplikasi saja lemotnya ga ketulungan,1,0,2026-06-21 00:41:45,3.3.0
1d04a928-8538-45b9-b16f-13352f98b849,Jillvester,Tambahkan program stamp berhadiah seperti di aplikasi MyTelkomsel.,1,0,2026-06-20 23:57:47,2.0.0
8fb15014-400c-4720-bd15-20c6c9d7bed6,Simon Tatogo,like,5,0,2026-06-20 23:48:19,3.3.0
717f99ae-e40b-4d8f-8c5f-0e5e14a1bf91,Info Grass Roots,mantap.,5,0,2026-06-20 22:59:56,3.3.0
f050306f-9edf-4c77-87f7-a0a1518f82fa,Afrilian Ardy6,terimakasih apk ini sangat membantu,5,0,2026-06-20 22:40:46,3.3.0
dab5821c-1e2c-4f97-a8d9-53d542c01d13,ihsan salosa,"paket semakin mahal ,kualitas jaringan buruk ,apalagi saat listrik mati jaringan langsung hilang",1,0,2026-06-20 17:47:55,
fb0851bd-68a0-4cf6-8d96-9bff5f8abba6,Kurnia Arifin,sama aja ga bagus....ini tuh bukan aplikasinya tapi sinyal telkomsel semakin lama bukan semakin bagus tapi semakin lemah,1,0,2026-06-20 15:36:15,3.3.0
42259bb5-d68a-424a-b83c-2ae1c38d2e4a,roy ra,"aplikasi rasa web based, lemot tak berguna, padahal pakai jaringan si paling kuat, tarif tak ada AKHLAK",1,0,2026-06-20 09:35:24,3.3.0
f225d0ad-2954-4d1f-9fe9-a74ac44b905f,JJ Christopher,"nambah lagi aplikasi yang tidak bisa digunakan, kalau bikin aplikasi yang bener mas, aplikasi gak guna banget loh ya",1,0,2026-06-20 08:59:24,3.3.0
7c606258-c1c3-47fc-9df1-b9b2315e3a84,Rangga Ardianshaa,"apa sihh... apl ga di buka 3 hari, mau buka malah force close, mana blm masuk menu lagi...",1,0,2026-06-19 18:47:32,
ea83c833-37d8-4233-a97e-37281dc1e620,Zeus Hitam Gelap Fadli,puas,3,0,2026-06-19 18:07:16,3.3.0
fe714a4f-ce5f-4dde-84ef-35bf02eb103d,Nangnang Aja,ini kenapa force close terua,2,0,2026-06-19 18:04:05,
71ba2d4f-76d4-4718-b2fc-6fead4ffcf67,Alifa Mega,sinyal bosok,1,0,2026-06-19 11:30:39,3.3.0
d15b06f5-3bab-459a-8f30-5ead31b82394,Lia Haryati,"Niat hati mau coba yang lite biar lebih hemat penyimpanan. Tapi malah ga bisa dibuka. wifi normal, paket data ada. statusnya koneksi terputus mulu. Ga usah nyuruh hapus cache, udah gw bersihin cache dari awal. ga usah nyuruh install ulang, karena ini abis di install aja mau langsung saya uninstall. najis ngabisin kuota dan waktu aja download ga guna.",1,1,2026-06-19 04:23:16,
ab93dc38-20e0-4622-9e5a-b70070f3ef00,Muhammad Rizky Putra,bagus untuk aplikasi nya👍👍👍👍,5,0,2026-06-18 20:22:32,3.3.0
1134ff75-11a6-47c8-9953-b502c715ac29,Habiby 1928,KARTU GA JLES LEMOT GADA SERING GANGGUAN,1,0,2026-06-18 19:41:40,3.3.0
00a16eb2-7937-480d-b97c-5d7dd48f22e2,Mario Tulus,Oke,5,0,2026-06-17 17:43:11,3.3.0
55f5ef6e-9411-482d-853a-fcd7a2d1484a,Frenklyn Marbun,bagussssssssss,5,0,2026-06-17 15:51:05,3.3.0
f3c7de2b-83ae-443f-9b5d-30264c280090,Dmdmdm Yanyanyan,Mantap keren Mantap keren,5,0,2026-06-17 08:56:12,3.3.0
73d87784-3e6d-4ffc-a541-80d247cff1af,Bintang Bersinar,mudah dan simpel josss,5,0,2026-06-17 08:24:15,
14e7e444-8a15-4770-8ff4-403e81102b44,Agung Saputro,"mantap, paket nelpon murah""",5,0,2026-06-16 23:43:46,3.3.0
3eddda3b-7abc-4978-b1cb-1bc32964b2d6,Iqbal Muhammad Iqbal Saputra,aplikasi sangat bagus dan mulus dan tidak ada kendala sedikit pun,5,0,2026-06-16 13:08:59,3.3.0
fdcb975e-6f01-49a1-ae7d-8691bdec4b72,Erik Purwanto,aplikasih kok kagak bisa di bukak..di bukak tulisannya koneksi hilang koneksi hilang terus ..padahal udah aku hapus dan aku downlod lagi berulang ulang kuota inter net juga masih banyak padahal untuk seumur hidup...nggak niat buat aplikasi hapus aja,3,0,2026-06-16 09:33:33,3.3.0
8cff7ea6-8333-44a5-8d5c-f0f0e9f31453,Iyus Jayusman,ok,5,0,2026-06-16 07:55:42,3.3.0
78fdec3d-f49f-4ad6-91e9-64ddd2c65ee3,Afri Yanto,Harganya makin Mahal .. BUMN harusnya lebih bersaing dengan operator swasta Karena Modal mereka dari Rakyat. seharusnya Melayani ini malah Rakyat di Jadikan Bisnis. operator swasta malah sering menawarkan Promo lebih murah.,2,0,2026-06-16 07:09:30,
c690abd5-7b26-4a46-a77e-bf7c8e22af78,S Suhadi,apakah satu aplikasi bisa di isi lebih dari 1 nomor? caranya GIMANA?,4,0,2026-06-16 06:53:26,3.3.0
7f68c2c8-d76a-4d34-a38d-00692fb9878a,Nurmila Gulo45,my telkomsel semoga jaya dimanapun,5,0,2026-06-16 00:10:13,3.3.0
5c7e1ca3-c7b8-4b60-a9aa-64a6354e487a,Muhammad Nurhayan,kampretttt..... telkomsel ngehangusin duit orang ajja....,1,0,2026-06-15 23:49:44,
a6be58ea-0172-4516-b820-3583c79ab76d,Kiki Koko,keren soalnya g ngelag bagus unku hp yg kentang ky w,5,0,2026-06-15 18:13:30,
346fee28-ecfe-4270-bfb8-94b74e5977df,zainah rahma,sering lelet jaringannya,5,0,2026-06-15 15:39:14,3.3.0
c7bdf28b-3e6b-4f98-a4f6-fd62fce24d66,FiNo,mending ini aja sesuai kebutuhan,5,0,2026-06-15 15:34:48,3.3.0
14eeb2f5-9a56-4558-b374-a2669379a216,Jajang Ginanjar,"gak jauh beda aok yang basic atau yang biasa, malah banyak waktu kebuang gak bisa sat sit set padahal jaringan bagus, hp lancar. mau beli paket 18gb gagal pas mau di ulang harga jadi mahal, pilih yang 16gb sama gagal eh udah rubah lagi harganya,, mohon diperbaiki lagi demi kenyamanan bersama",4,3,2026-06-15 11:12:50,3.3.0
a2862b0b-6dc6-4160-b7df-74293f0edcc9,heryman susilo,Internet nya LEMOT.. Lebih kencang tetangga sebelah. Sudah banyak yang MENGELUH.. Semoga semakin banyak lagi orang yang TIDAK mau menggunakan Telkomsel.. AMIN..,1,0,2026-06-15 05:27:37,3.3.0
52421d88-c25f-4635-aa3f-2704cda0f2d5,ULIL FM,tiap kali harus login ngeselin,2,0,2026-06-15 05:20:19,3.3.0
41f77cee-8c4e-411e-8382-2d6a66ffe298,al imran,Saya sudah membayar paket Maxstream. Tetapi pas mau nonton kenapa tidak bisa dan minta pembelian paket lagi.,1,0,2026-06-15 02:52:35,3.3.0
7a230aa7-d4f5-4667-a6ca-a84df615d379,Warung Imah,gooood,4,0,2026-06-14 23:11:17,
0c7e8073-a9a6-44cc-b932-1da1a731d74f,Rafif nofiyan arsya,"Lemmot, nasib hidup di negara miskin.",2,0,2026-06-14 23:02:48,3.3.0
614af26d-fe00-4374-abe4-30fb9bd54362,Harist Nasution,sinyal kurang bagus..coba perbaiki..susah taripnta mahal...sinyalnya buruk,1,0,2026-06-14 20:47:59,3.3.0
fe9d5f72-aaad-42b0-ae50-e25cd8f47781,Septian Zulfa Fuadi,perfecto,5,0,2026-06-14 18:18:09,3.3.0
6a8df0fc-c487-455d-a700-c7533d83524f,Abdul Jafar,"aplikasi apa ini, ada data internet tapi tidak bisa masuk padahal sudah nerima kode otp",1,0,2026-06-14 16:34:36,3.3.0
9025cd05-5c0f-4666-9d7e-42906a0fb326,Azwar Bantayan,aplikasi sampah. gak bisa dipake. koneksi terus menerus terputus.,1,0,2026-06-14 15:43:25,3.3.0
a7df9271-4b73-4e61-9e2b-25460c44a801,Fanto Pnubono,Sdh beli paket tapi setiap buka minta beli paket terus,1,0,2026-06-14 08:04:10,
d4dd6b81-5724-4142-a6df-dea32fe464e3,Mikayla Bilbina,"aku bingung, jaringan baik baik aja tapi pas mau masuk ad notif koneksi terputus, aku pakai telkomsel basic karena cuman mau beli paket internet aja, dan emang telkomsel yang ori fiturnya gak kepake semua, versi yang basic ini masih banyak yang harus diperbaikin sih agak resah mau beli paket internet malah kayak gini",1,0,2026-06-14 07:36:44,3.3.0
223c1896-f50e-4815-8925-44fceb1c2838,Syofiardi Mahyuddin,"pantas saja ratingnya hanya 3 koma. selalu muncul ""koneksi terputus"", padahal pakai app yang lain normal. jaringan juga pakai telkomsel. sudah bersihkan cache dan malah hapus data tetap saja. perbaiki!",1,1,2026-06-14 06:06:54,
8fd5736f-fc35-4d6e-87b9-52fc5679d56d,Frengki Siongfu,Bagus,5,0,2026-06-14 05:42:23,3.3.0
da8bf888-1236-43e7-8b98-4da545733a7d,Leo,terimakasih,5,0,2026-06-14 05:12:06,3.3.0
d5399cad-6651-4b47-b620-fba35a49c9d6,boby irama,good,5,0,2026-06-13 22:02:14,3.3.0
b97e2f04-63ac-4551-87ab-699d639d7145,Sofiyatul Maaniah,bagus pelayanan cepat,5,0,2026-06-13 17:24:27,3.3.0
7c1bf064-66ca-40ca-a188-1d74f3f620e4,Hj Zainah,ok,5,0,2026-06-13 16:23:08,3.3.0
ae8d3cd4-bbe0-4dbf-9b79-a8d99a92a4a5,Tuwagapat 1234,"g guna nih apk baru install kaga bisa masuk, uninstall lagi dah. ku kira apk nya g akan berat, tapi dah lah",1,0,2026-06-13 15:29:11,
02174078-d282-451a-b76b-de9017641bb9,vanniaandriee ramadhan,bagus,5,0,2026-06-13 02:07:46,3.3.0
2ce297de-a6b4-4465-ad30-da3349d0b9ce,Ayu Wandira,fitur gift kouta nggak ada ya?,5,0,2026-06-12 22:27:31,
7a5f79a8-fabf-4a6b-b357-a62a97717107,Arnan Show,"muncul Pop up jaringan terputus melulu, padahal jaringan saya data seluler maupun wifi nya normal",2,0,2026-06-12 21:33:13,
81d41bd2-bbd6-474c-876d-4cd77a923b88,Jahrudin Mustamid,tidak memberatkan memori HP ini cocok buat yg gak mau ribet cek pulsa dan beli pulsa,5,0,2026-06-12 20:51:04,3.3.0
50f1d28a-a0a9-4131-8b13-866bd5c8958c,SUBUR,mantap My Telkomsel,5,0,2026-06-12 16:06:51,2.0.0
a7c05eea-029f-4817-843b-8a0a4c16da13,Johanes Pattalala,aplokasi kerenn bisa buat nipu siapa sj yg liat layar hp 😆😆😆,5,0,2026-06-12 12:48:11,3.3.0
96c3337f-bcfd-46b2-8ffa-6a0936f58ab9,Frooste Matcha,tidak bisa buat beli paket,1,0,2026-06-12 11:54:42,3.3.0
ee569111-098f-4a29-82ad-1046557277a6,Epi Neki,"Balikin data gue, ga jelas ahh",1,0,2026-06-12 10:35:56,
bd484d82-2e9c-48bf-8d25-2919ff012c89,Rio,udah di un install masih ga bisa login,1,0,2026-06-12 05:02:58,
c49c21e2-94f9-4ec1-9ce6-f89d023568ed,Aku dimana,bintang 5 boss,5,0,2026-06-11 21:50:20,3.3.0
e86b8387-137b-497f-acba-894cd16c15c8,Rini Sitinjak,mahal mahal amat kuota nya walaupun dipilih basic paket murah sama aja,1,0,2026-06-11 06:16:18,3.3.0
2bed44e0-33ca-41b8-a269-41f214f7806a,Mulai dari nol Mulai dari nol,sya isi data sebesar 55rb dan tdk masuk di perangkat sy,1,0,2026-06-10 23:12:06,3.3.0
f91731fa-5d6b-417e-9bc9-ff3515697007,Yusma nidar,gak jelas jaringanya,3,0,2026-06-10 22:14:16,3.3.0
d999affe-4e29-4465-a825-8a33496899a8,Sitia Lisa,semoga bisa membantu,5,0,2026-06-10 21:12:08,3.3.0
68e095ab-b958-4313-bddf-5a6bbe652380,Levi Ackerman,saya sih ga masalah mau yg basic atau yg biasa tapi sengaja aja instal yg basic gara gara HP gw ke riset jadi ga bisa instal yg biasa.,3,0,2026-06-10 20:52:42,3.3.0
6719ba55-d756-4158-b75d-db161deba500,Wua Yah,"jaringan kdg lelet, tp beli kuota makin ga ramah seperti dulu, harga kuota berubah rubah",2,0,2026-06-10 19:37:36,3.3.0
646b9796-567d-4143-9e82-919b83e36a31,Dwi fajar Hari mukti,oke,5,0,2026-06-10 17:03:07,3.3.0
c540fe1e-629c-4f5c-a63b-fcd663fd668e,Arifin Ahmad,ga bisa login padahal jaringan bagus,1,0,2026-06-10 12:38:12,3.3.0
e6a25f23-1efa-470f-a8d5-feaed25fd35c,Arief Widianto,simple utk melihat paket,4,0,2026-06-10 12:15:23,3.3.0
ab3193e4-d85e-4a58-bfb3-c6e5d64b9f7e,Habib Toha,"sering muncul pemberitahuan, koneksi terputus",2,0,2026-06-10 01:16:43,3.3.0
c8168735-9902-4bc0-943a-9504d0ce261a,Oppo Mereke,"error ada muncul tulisan ""koneksi terputus"", padahal jaringan normal, internet lancar 🤔",1,0,2026-06-09 22:25:33,3.3.0
dde96239-1e66-4198-bcfb-083dc4cf13d5,Debo Deeboo,maaf aku kasih bintang 2 kenapa aku selalu di kirim koneksi terputus setiap buka menu telkomsel padahal pakai wifi buka menu telkomsel nya,2,0,2026-06-09 19:36:06,3.3.0
9527aff7-88cb-4ee8-98ed-a54821663f92,Azka,Aplikasi sampah. isinya warna putih doang. gak ada apa2.,1,0,2026-06-09 19:03:45,
07c07c74-356e-48af-8db0-a86cb667d3aa,Dwi Bagus Adi Candra,LUCUNYA BUMN (TELKOMSEL) SEKARANG TERLALU BANYAK OKNUM YANG KORUPSI TM ON JAM 18:21 09/06/2026 KOK BISA BERAKHIR JAM 16:59 09/06/2026 🤣🤣🤣,1,0,2026-06-09 18:47:43,2.0.0
0837505e-311a-4b4b-b9ec-d7f2fe3f2785,Yanuar Kurniaesha,"Aplikasi sudah lumayan ringan, tapi harga paket bukannya turun tapi malah naik terus.",2,0,2026-06-09 08:41:59,3.3.0
7b89d10c-0f8a-4880-a0de-c09d824aa8f9,ZIAUL HADI,salam semuanya yang harus dilakukan terbaik dan populer bisa banyak orang2 suka,5,0,2026-06-09 02:44:22,
6dbb2ad0-8f92-407a-9473-ce75cddd7b63,Salsono Marsudi,"saya biasa beli kuota yg 2,5 GB, tuk 1 Minggu seharga 10K. pas dicek skrg sudah tidak ada lagi didaftar/list pembeliannya.",2,0,2026-06-09 02:17:53,3.3.0
ed8dd4ed-4ec6-4dc2-8a42-55cb999393da,Kuro Neko,"nggak tau tiba tiba ""koneksi terputus"" pas bukak aplikasinya dan nggak bisa di bukak tolong bang benerin dulu itu",4,0,2026-06-08 21:03:38,3.3.0
02690faa-02d3-42d0-8d50-ddd75009aaf0,Budi Mena,Ok ..Ada juga Aplikasi My Telkomsel yang tidak berat di HP,5,0,2026-06-08 19:02:57,3.3.0
9a418f83-985b-48d8-849a-3cb8f293e314,ervinda ws,boros banget paket data nya 1 bln 200 rb lebih .niat hati mau bertahan pakek simpati tapi datanya minta ampun boros. 2 kartu ku simpati semua sama2 boros .jauh di banding m3 dan xl.mungkin mulai bulan depan kucabut ganti kartu lain,1,0,2026-06-08 17:38:10,3.3.0
d7d49137-68fc-47f0-bcd3-5d6695980b65,Kris Ktiwanto,Terimakasih beli paket internet lebih mudah,5,0,2026-06-08 16:43:12,3.3.0
289b8b3a-a6ac-4edf-99cc-312d86e4277b,Ngadiono Badut,Alhamdulillah ini Apk lebih baik dan ringan sobat,5,0,2026-06-08 01:40:28,3.3.0
f1cc4c7c-b951-433b-be73-9864f6486f77,Rusli Husain,"khusus daerah mavila,lombok Barat ntb signal telkomsel selama 3 thn lelet terus sd sekarang, banyak pemakai telkomsel mengeluh, kami minta pd telkomsel tanggap, agar pemakai telkomsel tdk kabur yg mana ribuan pelanggan ingin ganti ke lain spt amtree trims",3,0,2026-06-07 21:31:48,3.3.0
9bad646b-70a2-438f-bb1d-e820048f33b2,Hilman badruzaman,"aplikasinya bagus dan lebih ringan dari aplikasi my telkomsel yang biasa,walaupun fitur-fiturnya ada yang kurang juga beda sama yang biasa",5,0,2026-06-07 16:57:36,3.3.0
0d9affcf-3b61-4c0c-91f7-e5d41bf79249,Kepo Aja,"tetep sampah. paketnya beda dengan yg aplikasi utamanya. informasi story pembelian paket jg gaada. buat apa install ini? cuma beli kuota doang, gaada tracking kuotanya. pencuri",1,0,2026-06-07 13:25:42,
3a086803-4b57-42fd-a51d-42103a984df8,Lukas Patue,Good,3,0,2026-06-07 09:29:45,3.3.0
e072f7e4-d9cf-45bf-98ff-f2bcd6cd95d8,Ikhsan Syafrizal Harahap,lebih asyik pake yg basic,4,0,2026-06-07 05:56:12,3.3.0
5812dd43-b834-4773-a954-4ac1d409022d,Dad Assagaf,paket data Telkomsel mahal mahal,2,0,2026-06-07 05:16:18,3.3.0
8eb6c0de-96ac-4117-aea0-c863dd5a21ef,Alimin Nasty,"niat bikin aplikasi GK sih?,ngekek banget kocak GK bisa login. kalo GK niat ngurus aplikasi GK ush di buat",1,0,2026-06-06 21:45:50,
dc28f3a4-8a52-4753-a177-51064f5ea5dd,Arek Agas48,goood👍,5,0,2026-06-06 15:42:55,3.3.0
cc5dd4c3-b752-40b9-8eee-2f038e9999b9,Ulil Kulum,oke,5,0,2026-06-06 14:48:23,3.3.0
b71bdd9c-e870-4581-9e5b-3618f95964a9,andinurlina Linlin,baik,5,0,2026-06-06 11:44:06,3.3.0
2c9f31d7-1d59-4224-86c0-5276d606a249,Eko Nurhudah,kenapa gak bisa di buka,1,0,2026-06-06 08:52:45,3.3.0
8054260d-1edd-46f3-b5c6-bf5b8da4a9bc,Barak Obama,"lebih bagus MyTelkomsel Basic dari pada My Telkomsel makin kesini makin lemot, banyak picture yg ga berguna.",5,0,2026-06-05 18:13:47,3.3.0
1ced23dd-b933-443e-8b0e-57a5fa933f6e,Selamet ryadi,lemot,1,0,2026-06-05 15:23:21,
559d6568-78cc-4f71-8ee5-6b702ca17000,Eka Hard,jaringan gj,1,0,2026-06-05 11:54:15,3.3.0
02ede08e-3ab1-4538-a310-1d363ca95e9c,Al Arsyad,baru mau coba,4,0,2026-06-05 11:45:48,3.3.0
2a315c59-b691-4481-81b6-8cf1944d043b,Hari Kurniawan,lama2 ga jelas sinyal simPATI komplain 3 x ke call center sama aja mana pakai pulsa pula rugi segala2nya percuma komplain juga ga ada perbaikin hampir sekitaran wilayah kebayoran baru ancur parah sinyalnya,1,0,2026-06-05 11:07:15,3.3.0
55de57b3-75c6-49f3-92cb-0714cf5fcce0,Edo Saputra,my tol,1,0,2026-06-05 11:04:48,3.3.0
5dae66f1-2ab0-4413-8726-31cbc647ce99,Kang yaya Taryaman,"paket internet saya di mohon lebih murah, karena kartu simpati daya dudah fi figunakan sejak tahun 2005",5,0,2026-06-04 22:30:42,3.3.0
2d8835b9-adb1-4fd5-b0a6-f8aaf9ab7af4,Regina Katunggum,nih apk kadang aneh2 masa gw beli pulsa biasa buat di tukar Ama paket internet malah kepotong padahal dari awal gw dah cek kalo gw nggak punya utang pulsa lah tiba kepotong padahal yg awalnya mau beli yg 32 eh pas udah beli pulsa 35 malah dih apk nya cuman 31 ini gimana sih udah gitu Mala mahal2 nggak ngerti sumpah aneh aja deh,2,0,2026-06-04 17:46:55,3.3.0
1571541d-f3ff-42a1-9e1b-0d8b03b78c40,Alan Hendri Hendri,jaringan sangat bagus sekali,5,0,2026-06-04 15:22:24,3.3.0
9f889c4e-0628-43b7-8c5d-0c6c59ba6606,Darul hikam,ok,5,0,2026-06-04 13:32:38,3.3.0
7df84d85-c122-4c7f-a2bf-9bcd5755614b,Clas Of Clans,hati hati ya apknya pertama beli paket data udah berhasil transaksi tapi kadang paket data nya GK masuk.,5,0,2026-06-04 10:30:31,3.3.0
66a58211-e9b5-4d55-ac7a-74764fb0af05,Hendra Ecen,thank you 🌻🥀👩‍❤️‍👨,5,0,2026-06-04 08:44:05,3.3.0
4e3ab352-1a09-43bd-ace9-977bfd4b1729,Mirai Kuriyama,knp mahal,1,0,2026-06-04 07:14:00,3.3.0
8f573788-7ade-444e-9fe0-a7cd7ed08747,winda widyawati,masa di suruh login terus pas mau beli Kouta saya kira kalau udah login ga perlu login lagi kadang ada keterlambatan kode otp masuk makanya susah kalau di suruh login lagi kendala nya itu,1,0,2026-06-04 06:07:21,
41490eb9-b73f-4186-8aec-19304435c16c,Andi Jayadi,aplikasi yang bagus & simpel. good job,5,0,2026-06-04 04:09:40,3.3.0
687734e1-a0fc-4163-b64f-6b07ccdaf343,mzakli mzakli,"niat bikin apk nggak sih... pake yg satunya bikin hp black screen, pake yg basic gk bisa login "" koneksi terputus!!!"" EALAHHH... :v",1,0,2026-06-03 17:38:58,
3570454f-749c-41be-ab52-ff6caa45d1cd,Andi_Pasolangi Petta_baso,uninstall,1,0,2026-06-03 05:34:18,3.3.0
dfb2fa0f-a230-4234-bcff-6995bcdb5b71,faishal mufthi,mental terus... padahal Youtube aja kebuka normal. ini T aplikasi Telkomsel alasannya koneksi terputus,1,0,2026-06-03 01:46:39,3.3.0
693e9b81-dee9-405a-80e1-8e3071ab1bcb,D name,"loading aja kerjaan nya,makan besar... harga mahal... aplikasi murahan",1,0,2026-06-02 23:14:03,3.3.0
0d2e6a5a-487a-4410-a4bd-1dd9c6303582,Riko Oktaviani,sangat bagus dan menarik,5,0,2026-06-02 22:36:26,3.3.0
74bffe11-e7ae-4a20-aa77-72c3de43538f,Suli A,aplikasi lemot paket harganya tidak konsisten,1,0,2026-06-02 18:44:05,3.3.0
1af49223-4d8b-4fcc-b5d7-b4b265ba100a,Wiwin Pramana,gak bisa di gunakan,1,0,2026-06-02 12:13:49,3.3.0
ad8b2094-34cd-4f6a-808e-f32ce43b417c,umahkaos print,bagus,5,0,2026-06-02 11:48:38,3.3.0
2b953af9-5a76-4198-85f1-0e21c26e33b9,Ril Gustam,ini sangat membantu,5,0,2026-06-02 01:31:23,3.3.0
66e6d957-601e-49e1-b9ff-bd77ea34b95c,Putra Hari andy,buruk,1,0,2026-06-01 21:13:29,
c6f232f4-055a-4c49-9e4f-bfa8807ae159,Dias Imanda,sama ajah mencekik dompet versi lite,1,0,2026-06-01 14:45:15,3.3.0
c1a60ae1-55ec-4586-a2b8-ce8319bba5e5,kangg Pono,"instal app ini cuman buat ngasih bintang 1 aja. Maaf ya bang, bintang ini sbg jawaban saya sbg pengguna atas layanan telkomsel yg ancur. ancur banget",1,0,2026-06-01 13:49:57,3.3.0
19f6abb0-604d-4536-9a5d-211223ac45c5,endah megasari,boleh adain paket 14hari lagi dong buat ibu ibu yg cuman pake diluar pas anter jemput aja sangat bermanfaat jangan buat 7hari aja,5,0,2026-06-01 13:14:03,3.3.0
6dde42e0-3a79-44a0-b5c3-891ef3f70af0,Riyadi Noor,baguslah,5,0,2026-06-01 08:17:18,3.3.0
fd5e3ff6-5770-4d94-ab05-2b9cb37a1973,WAKID,"kuota ga sesuai keterangan, di situ tertera 5gb 5 hari 15k, pas di beli malah 3gb, ga jelas, kuota makin mahal, sinyal naik turun",3,0,2026-06-01 07:08:38,
c59f6d5f-390d-4f24-bde2-3aad9eaad848,chypuy MotoVlog,responsip,5,0,2026-06-01 03:32:09,3.3.0
d9e6bef6-60b8-4f27-a8b1-d6104c482889,Agus Salim,thank you so much!!!!!,5,0,2026-05-31 17:26:25,3.3.0
b9bd5d41-4085-4904-8552-f238041c1b89,Arr Shoop,"aplikasi suka mengambil paket huuu masa paket 2,8gb sekali liat lagi tinggal 1,2 GB asuu memang",2,0,2026-05-31 14:34:27,
1f6b27aa-3180-47c6-82f9-e5234160786e,Siti Ristani,good,5,0,2026-05-31 06:57:31,3.3.0
a6885c3e-54d6-40d0-b0e2-f7f50e631d7f,Raihan Ramadhan,"masuknya lama, suka logout sendiri.",1,0,2026-05-31 06:53:01,3.3.0
dc3bf702-c40c-40fb-abef-5dc695b58e19,Junaidi Ginting,semoga menguntungkan,5,0,2026-05-31 04:56:41,
8547f238-01e7-4dcc-93fb-edfa76347818,muhamad fatoni,aplikasi erroan mulu di buka pake wifi ngga bisa giliran pake data nyedot pulsa padahal mau beli kuota dengan pulsa pas2an yg akhirnya jadi kepotong dan ngga bisa di paketin tolong lah walopun aplikasi basic tp yg bener mungkin kedepannya saya mulai berpikir untuk berhenti pake telkomsel stelah 10 tahun lebih,1,0,2026-05-30 00:24:52,
551c8fc1-e980-47a1-9d1e-a3ed58607ce8,Rusmin Sangadji,ini telkomsel bagaimana sih jaringan internet seluler saya ngk pernah stabil dan selalu ada gangguan saya sangat kecewa dengan telkomsel,1,0,2026-05-29 21:35:36,3.3.0
2df07796-5c4a-47fe-8560-8c5a1d3df687,binanta sukatendel,tolong di respon keluhan pelanggan,1,0,2026-05-29 20:19:16,3.3.0
066de55e-bf02-47f4-becd-e11a44efd71a,Agung Asmara,sangat bagus dan bermanfaat,5,0,2026-05-29 18:33:27,3.3.0
82081fda-6c41-40b4-aa4c-ccbd4c808862,Rifki Kinoy,sangat puas dan kumplit kuota nya,5,0,2026-05-29 18:12:25,
6d866084-3b43-447b-963a-9e08cef9b1c0,Muhammad Ekowardi,ALhAMDULILLAAH,5,0,2026-05-29 14:41:23,3.3.0
210806c6-a61d-41c8-9692-70a5b9b4312a,Benny Ilham,"sama aja dengan aplikasi Telkomsel.. mau masuk lemot, muter-muter terus, padahal sinyal banyak, paketan pun juga banyak.. kenapa muter-muter terus ampun dah..",1,0,2026-05-29 12:33:34,3.3.0
d353b8aa-e0ba-4fba-9868-79cfde4a8b8d,Faisal,gak bisa multi akun atau banyak akun,1,0,2026-05-29 11:25:37,3.3.0
a1ae292b-a6c5-4118-add6-c4d3558f31fa,Dhani Deff,Makin kesini-sini telkomsel buruk dan ribet.,1,0,2026-05-29 00:40:40,3.3.0
6db2d2f2-74ed-4618-8811-83e0fe308e5a,Kebondalem Gringsing,sangat baik,5,0,2026-05-28 23:32:09,3.3.0
76e704ec-ec8b-4563-959c-646ad826712a,э̳̿й̳̿о̳̿ ј̳̿д̳̿м̳̿р̳̿д̳̿й̳̿б̳̿,"Dapat bonus kuota 2gb dari pembelian paket berlaku 24 jam ,tololnya itu bounus kuota tak terpakai .Malah motong ke kuota utama .TOLOL",1,0,2026-05-28 23:27:08,3.3.0
06629797-304e-45ab-8c0a-e5c997422635,Eka Cahyana,bagus Oky aplikasi Telkomsel sangat membantu enak tp mohon dalam paket masa Aktif kartu di beri yg panjang pakai Kartu masa aktif 5 tahun tanpa paket masa Aktif kartu,4,0,2026-05-28 18:28:45,3.3.0
cf3b047a-936e-447d-bf78-079a81b91395,nasution,mantap harga paket murah bangat,5,0,2026-05-28 01:28:41,
4558cca9-d893-4f0a-8d1d-f2620bbe06b2,acik funky,aplikasi sulit untuk dibuka,1,0,2026-05-27 23:52:00,3.3.0
58b305ad-f61c-4d40-9171-123fd7d11066,Ferdi Editor,penipuan aku udah Isik paket tapi paket ya belum maksuk2 jangan percaya penipuan ni,1,0,2026-05-27 22:08:24,3.3.0
c0b2430c-e662-4d7e-b51c-876619f855c7,Setorius endi Endi,"aplikasi ini sangat jelek sekali aku mau pakai tapi giliran tunggu kode OTP nya gak mau muncul"" aneh katanya Telkomsel jaringan terluas tapi kok kayak begitu sama pelanggan nya",1,0,2026-05-27 21:06:53,
ff7a1160-eeea-402f-8446-963c22cb1203,delly lombo,kenapa akhir-akhir ini jaringan internet Telkomsel sedang tidak baik baik saja,1,0,2026-05-27 19:36:21,3.3.0
483396f2-e1f3-454c-9d3b-a68860b25d4d,Rudi Kurniawan,Isi paket pembayaran qris Paketnya ga masuk saldo sudah terpotong,1,0,2026-05-27 10:25:04,3.3.0
50bca46c-5f47-444c-80ce-ed63df84f0b2,Eflidar Pasaribu,berharap simple tapi tatap bagus,5,0,2026-05-27 10:19:42,3.3.0
4e7f6461-9ce5-4d34-9c33-3e632d487784,Tayylah,bikin pusing tuker poin aja gak bisaa,4,0,2026-05-27 07:58:56,
1cc5a584-d10a-421a-989a-dcd66fc8a94f,ROCKY CPN,muncul tulisan koneksi terputus. tidak bisa digunakan,1,0,2026-05-27 06:38:24,3.3.0
a01c343d-d5a1-47de-ac2e-d5c6b09d5306,Suhaimi Suhaili,belipaket murah dan mudah,5,0,2026-05-26 21:42:16,3.3.0
87bd9cb0-fdbb-4eea-bb86-547752ed8e49,Fandy Fandy,aoa ini kagak bs dibuka,1,0,2026-05-26 21:18:05,3.3.0
5ad67878-dbe9-4f84-bfea-287ffd3dd14d,Usman Salam,"Telkomsel PENIPU, kontrak aktif hingga 27 Mei, 26 Mei kuota sudah dihapus. Padahal, masih ada siss 13GB lagi!",1,0,2026-05-26 17:47:56,3.3.0
ea5bb76b-cdcd-4f81-8909-63588b1c0997,Syawal Armadi,"sama aja, baru install aplikasi, cek koneksi mulu, emang kagak niat bikin aplikasi inimah",1,0,2026-05-26 16:10:59,
114eb3a6-7ae7-4da3-a103-376d8c36dfde,Fatir Ramadhan,"beli kuota 20k saldo udah berkurang tapi kuota nya gak masuk, terus nyoba beli yg 1 giga 3k tapi masuk gimana nih 20k ku hilang (gak becus banget sih, buka aplikasi aja lelet minta ampun) hp udah bagus tapi tetep lelet aplikasi nya",1,0,2026-05-26 13:02:11,3.3.0
2d8404fd-4cb5-4fa2-a81c-d38dd6fb313f,Ijun Manda,good,5,0,2026-05-26 08:39:01,3.3.0
a3a4df89-b4ad-4a7f-9bb8-311e93f12ff3,Juve,"hallo sudah 40 an menit gak bisa2 login, gangguan jaringan terus. padahal saya konek wifi indihone.",1,0,2026-05-26 06:18:31,3.3.0
44d53900-f1f6-44b5-a3e6-d04d862ba3a8,HAMZAH,MyTelkomsel Basic: Mantap,3,0,2026-05-26 02:14:42,3.3.0
89deec1b-37f2-4dd9-b2d9-c67f749d2e9f,AnwarK A-saif,"aplikasi cacad banyak bug. klo gak niat buat aplikasi ga usah buat😝,",1,0,2026-05-26 00:06:28,
d7c956c0-55c8-43c4-a110-2584147c63d2,Agro Makmur,busuk aplilasi dodol parah kehabisan paketan aja gak bisa masuk lewat wifi bangke,1,0,2026-05-25 20:08:33,3.3.0
25f38e7a-0e4d-49c4-8f24-ab63e6610b0a,Novy Sundari,sangat mudah di pahami,5,0,2026-05-25 19:24:06,
cbb31ccb-f8a2-4a10-93b1-26e3c6de3dec,Muhamadahmad Ahmad,Kebanyakan iklan,1,0,2026-05-25 14:19:11,3.2.0
67ecd710-d377-444a-91a7-c342442dc795,Julius Adinata,keren,5,0,2026-05-25 10:07:00,3.3.0
10a7bf98-6196-4212-b01c-c8e652d80d22,DENI FIRMANSYAH,"Aplikasi ini My Telkomsel Basic ini, sangat Bagus 👍 dan sangat Mudah membeli Kuota Internet dan kuota internet nya sangat murah banyak pilihan nya buat kalian yg pengguna No Telkomsel Harus download aplikasi My Telkomsel Basic ini kalau nggak download kalian bakal nyesal, Buruan cobain aplikasi My Telkomsel Basic Ok...👌👍🥰",5,0,2026-05-25 09:24:27,3.3.0
0aef12d7-0cb7-404f-8669-939b76155c06,bayoregar 2258,aplikasi abal abal tidak bisa dibuka,1,0,2026-05-25 03:18:45,3.3.0
bde50930-0497-4187-9fca-c859900867c4,Warto Arianto,kuota telkomsel serba mahal,1,0,2026-05-25 01:39:22,3.3.0
90090204-6f2f-409b-8c8c-4dbd9e4dc2ed,Danil,"Sangat buruk, aplikasinya gk bisa digunakan, masih lebih baik pakai kode dial di telepon bawaan",1,2,2026-05-24 23:05:24,3.3.0
bd99d5c3-1820-4061-b871-b3ad9c8b69bf,Konan,internet terputus 🥴🥴🤓🤓,1,0,2026-05-24 19:46:25,
f3de3d8f-a8b0-46e6-ad71-fcab219c89ab,Nu Aing,lelet kaya taik yg belum download aplikasi ini saya saran kan jangan download nanti nyesel,1,0,2026-05-24 15:59:45,3.3.0
4cfd2024-0e94-453f-be5c-2230d77dd85e,idham syah,ok,5,0,2026-05-24 07:20:18,
1f6700ad-c01d-43b3-b3c7-f6ec81ca51ff,Yudhi Wibisono,"Mohon jangan dipersulit lah pelanggan Telkomsel!!! Sudah aplikasi My Telkomsel yang satunya berat dibuka, yang ini juga!! Tolong dibenahi, jangan bikin aplikasi seperti SAMPAH!!!",1,0,2026-05-24 03:21:13,3.3.0
9bc733e6-1bf2-4749-8606-44d6627baeaf,Saleh Nasution,"beli paket data yang RP30000 tapi blum masuk ,tapi dari apk dana udah di potong dan transaksi sukses",1,0,2026-05-23 19:53:01,3.3.0
055957d3-a9ef-4e69-a749-e0a37cb3090c,Supriatna 80,ok,5,0,2026-05-23 18:15:58,
d2fcdd00-c2d8-418f-9ca7-b73f8a46bd8a,Meyoulanda Hutapea,apk nya bagus.tapi saya kesal beli kuota pake metode transaksi Qurais dan pembayaran saya melalui seabank kuota data yg dibeli tidak kunjjung masuk padahal saldo saya terpotong di seabank.tolong bantuan nya,2,0,2026-05-23 16:46:57,3.3.0
047c7229-5e9f-4b68-858a-e71b84e8ad79,Supian Hadi,"ter logout terus, asal login masukkan nomor telepon terus, bisa gak jgn seperti itu, bikin ribet,IT ny jelek x, semoga di benerin, thanks",1,0,2026-05-23 16:31:04,3.3.0
a9afa13f-5da3-49bf-b355-6fe2bdca82d6,R RuDi,Ahir Ahir ini aplikasi ini sering lelet.tolong dikondisikan☹️😔😑😞😣🙁🙏🙏🙏.,1,1,2026-05-23 10:52:31,3.3.0
d371b121-7f0d-4c97-aa50-d71bed14fa9c,Muhammad Ilham,Flazz 5G simPATI 👍,5,0,2026-05-23 10:22:47,
7ff7e5b1-951d-4d30-bc49-76b57a4b6bfe,nurieka aulia fatmalasari,"ga bisa login, ga bisa dipakai sama sekali.",1,0,2026-05-23 09:30:54,3.3.0
8003a60c-4e3a-42c9-b5a7-d083b25481f6,Surya Spt,smarpay Telkomsel,5,0,2026-05-23 08:27:19,3.3.0
7c404908-9e6a-4680-ba58-a888b2079cfc,SW ID,luar biasa,5,0,2026-05-22 21:00:06,3.3.0
fba3e333-26e7-49d1-b406-582067813676,sur ga,gini saya mau memberi tau kepada pengembang Telkomsel basic ya sebenar nya banyak yg suka dengan aplikasi kasi ini mereka mengatakan yg sama dengan saya kenapa kalau kita setiap kali mau masuk login terus seharus nya cukup 1 kali login jadi tolong kepada aplikasi ini diper baiki gitu,5,8,2026-05-22 16:38:22,3.3.0
a19c0add-1f2a-406e-9f0f-92ab32722164,Julianto Kurniawan,Sinyal dan komunikasi lancar,4,0,2026-05-22 13:52:30,3.3.0
39674590-ac89-4d4c-a9a7-71c1a52df2bb,Noval Adi kurnia,apalah gabisa masuk (Koneksi terputus) padahal pakai WiFi dan bisa buka youtube dan sosmed lainnya.,1,0,2026-05-22 12:50:18,3.3.0
01b5adfd-da27-4844-b3ff-deca697ef4ba,Cepot Google,"pengalaman baru untuk yg pengen lihat status kartu mode lite, mohon ditambah fitur penambahan nomor Telkomsel lain untuk melihat status kartu nomor selain kartu utama.",3,0,2026-05-22 12:14:30,3.3.0
ddac9487-5b00-4c37-9590-d12cebe8e8c3,MUHAMMAD SUHARDIANSYAH,"kek mananyaa, udah beli paket dari my telkomsel, samapai detik ini datanya jaringannya gk muncul², fantek, malah pake hospot... tolong lah weee",1,0,2026-05-22 11:56:04,3.3.0
6a9c899d-8418-401e-87c2-d72b30805e3d,Konan Kalsa,bagsu,5,0,2026-05-22 01:52:43,
5c65d2ea-75f7-49d9-ab65-86bb62986981,Muhammad Rizal,"hadeh masuk nya aja ngabisin kuota, aplikasi paling lemot yg sy download",1,0,2026-05-21 11:20:02,3.3.0
dff178fd-9f6b-4943-a92f-2e17e80fc9d0,Dzun 03,"parah mau masuk ke. akun jga lemot nya minta ampun, padahal. sinyal stabil",3,0,2026-05-21 02:01:55,3.3.0
db2d611c-a15c-4d73-ab6a-f111f3b08eee,Kanaka Gilang,buruk banget app gak guna kirim otp gak pernah tepat pada waktunya selalu di belakang lambat sekali aku uninstal,1,1,2026-05-20 21:27:12,3.3.0
16252eb1-26ac-4f26-92c6-802497c63368,Arlong Cancer,"pembelian paket yg dibawah rp100 ngk ad,malahan yg ad kebanyakan mahal semua,trus pas lewat dari waktu pembelian paket sisa malah kebuang,",2,0,2026-05-20 18:30:53,3.3.0
5dc07349-a142-4292-b131-f1fd4ae0ddcf,pagistiyan danu,Wahai Telkomsel basic yang terhormat. bisa gak berikan notifikasi atau alarm ketika kuota mau habis supaya pulsa tetap aman? jangan hanya jualan paket kuota internet yg item nya sendiri tak terhitung jumlahnya. sudah berulangkali pulsa saya menjadi korban karena kelupaan cek kuota,1,1,2026-05-20 17:58:32,3.3.0
0b71ff45-4642-481e-854c-d53ffc59a37f,Doni Irawan,good,5,1,2026-05-20 17:45:05,3.3.0
216c32c1-fd4e-4f5c-b614-a5710503e192,Hadiansyah Hadiansyah,"jaringan nya jadi tidak 4G iya kenapah,,, padahal sebelumnya 4G",3,0,2026-05-20 14:46:40,3.2.0
134abeb7-9a5e-4324-9676-3d20870f6ed3,Q2 Printing,aplikasi simple,5,0,2026-05-19 22:31:20,3.3.0
f9a48df0-4189-4acd-9809-326382dd0b77,Kakang Paijo,muat ulang muat ulang gak jelas,1,0,2026-05-19 20:41:16,
83b5299d-fa78-4dca-adaf-7621a89bca22,Akbar,sangat membantu,5,1,2026-05-19 12:03:17,3.3.0
a572beb9-f9a5-4b3a-8f1f-7185ee840927,adie jd1976,"Ringan dan ga banyak iklan promo yg vocer2ny ga seberapa, simple",5,0,2026-05-19 11:27:52,
f78d0930-5d22-4f54-bc15-3a8a9fd495f4,REY Tampan,Jaringan Kau Tidak stabil(LEMOT) !!!,1,1,2026-05-19 07:48:33,3.3.0
48c6f67b-4be0-440f-a785-0312c8e8d755,fiona inasfaradina,"2x transaksi senilai 50.000+35.000 udah bolak balik pesan CS. sudah menunggu 14hari, kuota ga masuk"". padahal pembayaran berhasil, saldo juga sudah terpotong. NYESEL BANGET. SINI KEMBALIKAN AJA SALDOKU. kalau bisa di refund, saya minta alamat email lengkap tanpa bertele tele terimakasih",1,8,2026-05-18 17:47:49,
fe3dd8cc-aa0f-43af-9332-88cf898a87bf,Moes Farm,cukup membantu,4,1,2026-05-18 16:18:03,3.3.0
fe29c3ed-0a60-47e7-9b2e-1f201dbba687,San Wasiangge,sangat keren sekali❗❤️❤️,5,1,2026-05-18 14:58:04,3.3.0
02b3e714-b3b5-49ce-8c47-ae51709eac10,Abdul rojak,santay,5,1,2026-05-18 13:41:28,3.3.0
4244eaf5-87a6-45e8-a740-dc99f6f4d8d0,Isrok anshari Siregar,"katanya lite, ternyata lelet",1,0,2026-05-18 13:27:43,
7b2199ba-3cc1-4978-9cfe-caea80ed3926,Asep Bae,bos kenapa donlodt lama loding nya lama ga ksya tri cepat,1,1,2026-05-18 12:13:50,3.3.0
9ddc90d2-fd5e-4caf-82e3-6db6cad4a002,lingga E.W,ringan,5,0,2026-05-18 06:14:07,
4f855415-9d4f-497a-9b0f-893828b9b134,Abraham Titihalawa,"percuma jual kuota, walaupun jenis kuota ngawur sekalipun tidak akan perbaiki JARINGAN yang BAPUK!",1,1,2026-05-18 00:12:59,3.3.0
8fce1611-395b-4798-bf62-f08f3df23846,Pratama,lumayan klw bisa lebih simple lagi,4,0,2026-05-17 19:43:13,1.2.0
e9cbaad2-0045-4597-8c17-c98a1fd8b4f1,rika ajaa,kecewa banget baru kali ini beli diapk trs bayar pakai e-wallet pdhl pembayaran sudah lunas tapi paket masih belum terkirim dan belum bisa digunakan,1,0,2026-05-17 17:27:21,3.3.0
4b43ed93-1c9d-4f88-bb36-24d987c1698f,DS Pratama,"enteng dipake, g kaya saudaranya. sekarang lelet banget, lebih cepet pake *888#",5,0,2026-05-17 17:17:03,3.1.0
69b0e91a-0835-4b1d-b6bb-4ace93344cb5,Hayadi fitrah,"buka aplikasi udah kaya idupin mobil rusak,lelet.sekalinya ada paketan yang cocok eee malah jumlah paketnya dikecilin harga sama atau sebaliknya...klu gini kapok make telkomsel.",1,2,2026-05-17 16:40:54,3.3.0
780b4025-d278-4ad2-8d40-10b14fd70a8b,Rudiyanto strike,"penipu rakyat, sinyal sangat lemot",1,0,2026-05-17 13:28:12,3.3.0
73b46946-a3d6-454a-8e4b-d4f50d09b81b,Ahmad Arbolah,lebbih,5,1,2026-05-17 09:36:36,3.3.0
c86d7009-583a-466c-9ffd-ad836dae85dd,Susi Lauwati,sudah lama tidak ngecek sekarang perlu terutama klw lg diluar rumah tdk ada wifi pesen grab gocar tidak sulit.hanya info di telkomsel msh ada sisa quota di sms sudah habis jd bingung,4,0,2026-05-16 13:32:20,
96dbec3c-4887-4e73-b516-045fb6e38747,Billy Dhee,basic pun sama busuknya,1,0,2026-05-16 10:29:48,3.3.0
364390ce-2077-489f-9827-7454fe753f17,Aris Ton,baik,5,0,2026-05-16 06:03:21,
15fae5f3-5db0-4797-8cd4-3a0994b21330,Tomiyo Miyo,Baru download dan semoga sangat berguna aplikasi ini,4,0,2026-05-15 22:06:01,3.3.0
bf5791bc-684b-494a-9893-4d0c8b93dbeb,As Lin,oke,5,0,2026-05-15 21:57:04,3.3.0
5231a11c-596d-46d5-aacb-4f22126b4625,M ilham Cipta Hadi Ilham acip,ok,5,0,2026-05-15 21:16:10,
4901935e-d2ae-49b9-a88b-a8c7d45531b6,brochicktanjungan,keterlaluan Jaman AI saja bikin aplikasi kayak sampah.,1,0,2026-05-15 18:35:40,
03469aaa-47fc-45e2-b407-63ee706e92a4,Abdul Sobur,"aplikasi jelek, provider kualitas buruk, layanan lambat signal lelet sangan tidak sesuai dengan harga yg mahal tapi kulaitas nol",1,0,2026-05-15 17:25:52,
1168e64b-baf5-4550-bc28-57341ad7a086,Andi Heri,"Lengkap, simpel, dan lebih mudah dalam mengaplikasikan.",5,1,2026-05-15 04:21:07,
78bc0d97-596d-46a5-87e8-fb570dd222d2,Aquatic Maret,jaringan lambat,2,0,2026-05-15 02:17:35,
e496376c-9c43-49a9-86b5-a3119de283b7,Suwarno,mudah dan praktis,5,0,2026-05-14 22:58:32,3.3.0
6957ed8a-55dd-42ce-889e-2b212c4b908b,Muhammad Yanis,"bagus sih aplikasi'a, tpi kok ngk bisa tukar poin",4,0,2026-05-14 19:29:47,3.3.0
1c953dc1-4538-4234-b8e8-9ee33a67905e,ferdinawati risambessy,jaringan jelek banget,1,0,2026-05-14 18:54:05,3.3.0
01fb1817-0b47-4cd9-9083-f8c0a152dd1d,Taryadi Fatah,Telkomsel jaringan busuk,1,0,2026-05-14 16:06:37,3.3.0
d86c24b1-0524-481f-8a31-15bf570c47b7,Sam Rani,Uda cukup bagus tapii sangat d sayankan eror mlulu masa slalu aja jaringan terputus padahal Uda pakai jaringan wifi,4,0,2026-05-14 12:41:01,3.3.0
ac8634a7-e955-4473-adca-be6a5c1885d9,Desri Purnamasari,bagus,5,0,2026-05-14 10:22:14,
a8d6d9fa-a73c-44a4-8099-b0e08c0ae6b9,Dedi Dedi,"versi ini ringan banget, tapi aku mau ada fitur stamp berhadiah.",2,0,2026-05-14 08:25:45,
d2baa447-d203-47b6-85cf-072e2edbbee5,Nur Salim,ga fungsi,1,1,2026-05-14 00:22:02,3.3.0
292e126d-c483-43bc-95c3-a39bfa2aae28,Kevin Alarik,gak guna,1,1,2026-05-13 20:05:42,3.3.0
334875f4-f018-4bcf-a31d-369cac4c5fdf,Andika Fratama,kenapa muat ulang terus,1,0,2026-05-13 13:42:20,3.2.0
4e5dd174-59db-41a8-9a04-51f254c1e816,Amrull tkbi,"gimana ini Telkomsel,paket yg ditawarkan tidak sesuai dengan yg di berikan saat beli,paket 14GB harga 30 ribu,berlaku di semua jaringan ,2 GB paket YouTube dll,pass kita beli yg masuk hanya 10gb sedangkan 2 GB di jadikan kuota WhatsApp,,nipuu inii",1,1,2026-05-13 13:37:39,
e82396b2-6ff3-4cab-83e8-863eba41c739,Nasrul Romansyah,"buka aplikasinya aja berat banget, sekarang sinyal telkomsel lemot gak kayak dulu. mahal doang...",1,1,2026-05-13 10:28:43,3.3.0
2f6fd3fb-465f-4c18-9a8c-0a4d8ebd7151,Achsan Basri,lambat dan tidak akurat,1,0,2026-05-13 04:13:05,3.3.0
45975572-6f18-4b2f-922e-67ec4c92a03c,Agus Slim,"lumayan,LBH murah,tp d sayangkn,blm ada limit",4,0,2026-05-12 22:24:40,3.3.0
d6935e11-e4fc-4c35-a118-c28320747b8c,Leonaldy Twin Mayora,paket internet makin gajelas udh mahal ga genap 30 hari,1,0,2026-05-12 21:00:00,3.3.0
2480ecc9-13c3-4bc6-ac2c-5926a8462284,Moder Moder,sangat bagus,5,0,2026-05-12 13:21:58,3.3.0
5a35264c-18f0-4970-9f85-dd18ee58cc58,Sri Rahayu,emng harus tiap kali ya login Mulu,2,0,2026-05-12 12:34:19,3.3.0
d2bc2958-c1a1-42e7-b1f0-64db2a430077,Trisno Pati,sinyal daerah Binjai tebing tinggi mohon diperhatikan,1,0,2026-05-11 23:29:04,3.3.0
445135c0-f47d-4567-8922-2d199db75573,Nave February,gak guna,1,0,2026-05-11 21:11:28,
b52fa09a-8b51-4f8b-bd2f-1a6408afc2da,Ilham H,"aplikasi gajelas, lemottt banget masuknya mau beli kuota aja dibikin ribet, kalau ga mampu bikin aplikasi mending jangan maksain dah, padahal gw pake wifi loh",1,0,2026-05-11 20:27:48,3.3.0
d1e1d690-ee4b-4e67-82c0-4af4f1889691,Pecinta Anggungan,Buruk Selalu log out Bikin emosi Jangan dunlud,2,0,2026-05-11 19:52:46,3.3.0
1a264a91-fb82-482e-b4a4-19471ffc3b3c,Kar Jono,cepat pelayanannya cepat pula jaringannya..trimz🙏,5,0,2026-05-11 09:43:51,3.3.0
55398f44-5787-43ec-8a3d-a8d1c0bcd979,Wulan Rumiati,aplikasi nya bagus sangat membantu,5,0,2026-05-11 09:05:17,3.3.0
4963c833-966f-4ea7-8ebd-9ad726639da3,arif widianto,Top,5,0,2026-05-11 09:02:30,3.3.0
c5a36d1e-9e42-42df-8daf-32e73bdab5bf,Fran Gianto,sangat membantu...,5,0,2026-05-11 04:27:58,3.3.0
cbd6b77b-85d3-456a-aeb7-27938d5bba42,Riski Maulana Rojak Riski Maulana Rojak ibrohim,mantap aplikasi nya sinyal nya sangat bagus,5,0,2026-05-10 19:25:30,3.3.0
4d3a841f-2bb9-4aa9-8c9d-8f11b8f489d0,MAULANA AHMAD LAD (LAD),telkomsel sinyalnya kenapa jelek terus,1,0,2026-05-10 18:29:24,
c856e4b4-fffa-4e56-a3a8-47337f8d4e4c,Gatetsu Sama,"aplikasi gak guna, otp kagak ada gimana login",1,0,2026-05-10 15:08:39,3.3.0
1c6369dc-5a7c-4c72-9bb6-581aac8e95be,Agus Hariyanto,"gak bisa koneksi, samsung j600 gagal",1,0,2026-05-10 09:40:01,3.3.0
6091a2e5-abd9-4d25-9aa4-5252577d3415,Ahmad Dzinnuroini,punya otak di pake..,1,0,2026-05-10 01:46:34,3.3.0
6cbe5ad7-6fec-4851-9bd3-c1e7bfcc3148,Fitria Puspitasari,"Niatnya instal aplikasi ini ya karena lebih simple dari aplikasi satunya, ternyata untuk buka aplikasinya saja selalu gagal dengan keterangan ""Koneksi Terputus""",1,0,2026-05-10 00:58:51,3.3.0
4c1a70b7-bfba-4968-8899-9fdd941c4fac,Bombom,telkomsel sialan,1,0,2026-05-09 11:02:41,3.3.0
199e6f83-26f4-4153-b741-e2da0bf57a09,Darwin Adinata,the lite version is better,5,0,2026-05-09 01:52:34,3.3.0
1466c018-e0ee-4ff1-b304-3d00c2473878,Nur Habibi,sangat buruk,1,0,2026-05-09 00:47:51,
cd528fe3-ac60-4f18-8cd8-9a7794247d16,Firman Laia,GK suka,1,0,2026-05-08 19:55:00,3.3.0
c513f022-e355-4b92-b2ff-21d8b981e5c7,Fiil Mudhore,"gaada bedanya sama my Telkomsel biasa sama² lelet loading aplikasi nya, mau cek kuota aja udh kaya test Benchmark berat bngt padahal versi android udh 16",1,0,2026-05-08 14:20:15,3.3.0
c8f0f47b-0e5b-42e0-b778-adbb28250b7d,Kun Rahardjo,"Cukup bagus, tidak banyak penyimpanan data.",5,1,2026-05-08 13:19:25,
83b250f4-a1e9-47c5-a90c-7f23530f5348,Angga 17yk,"makin kesini makin mahal aja,,dan anehnya setiap paket yg akan di bayar selalu tidak bisa di bayarkan,,dengan alasan ga ada jaringan dan coba lagi,,",1,1,2026-05-08 08:30:19,3.3.0
05c74195-1540-40c7-8a2b-8529c689f60a,r a h m a t,"suka nyedot pulsa, kalo ga karna kartu lama&buat kerja, dah ku buang ini kartu",1,0,2026-05-08 08:28:42,3.3.0
9435f3ec-b302-4ca2-9c19-b18a45c9d6f6,Febycahaya Putri,sinyal jelek kuota mahal apa untungnya ya,1,0,2026-05-07 21:09:41,
1092beff-d0ac-4c00-95d3-ffe1f666de28,DIMZ DHIMAZ,"mahal doang, parung bogor sinyal masih busuk!",1,0,2026-05-07 19:28:20,3.3.0
24d0a29a-2924-480b-899c-2ed3b5eeedcd,Rosa Widiyanto,anjir lemot banget Telkomsel.. muter muter terus kaya komidi putar,1,0,2026-05-07 18:23:16,3.3.0
21e10c9b-bd6f-42c2-a3cf-8cf99a5f3784,Braman JPS,"pelayanan apa ini, mau masang wifi aja banyak alasan server di seberang jln lh, padahal satu gang semua pasangnya IndiHome, malah disuruh nyari partner 5-8 rumah yg mau pasang IndiHome juga, lha logikanya dmna kita mau nyari 7 rumah yg mau masang sedangkan sudah pada masang IndiHome semua, provider gk jelas memang.",1,0,2026-05-07 16:15:09,
70f5b0e3-4fc7-43ec-b3b7-813e0330e3b2,Darius Otu,sangat membantu,5,0,2026-05-07 00:57:46,3.3.0
c48525cf-f576-42db-8445-a813bb9f82b4,Milah Glempang,"top pokoknya mudah buat cari paket internet ya dan buat belinya juga,,,",5,1,2026-05-06 23:15:59,3.3.0
40288362-07da-44ea-b8d2-bc1dd23509c6,Sehat Tentrem,Telkomsel ni internet kok kalah ya sama operator lain jaringan internet lelet dah gitu sering hilang,1,0,2026-05-06 19:24:09,3.3.0
99474e36-a778-4d7e-b735-c445f5edb70e,Yusuf Yusuf,ok bangat,5,0,2026-05-06 16:02:49,3.3.0
c46c32db-642d-4c57-bcd2-8b8cf71f6174,Rully A Siregar,"koneksi terputus terus, artinya koneksi Telkomsel bermasalah.",1,0,2026-05-06 14:33:18,3.3.0
cc383434-7bf2-4290-a0d2-e218846e2424,Eko Wijaya,ok,4,0,2026-05-06 14:05:49,
3522ac97-d2c0-4d7f-add6-f263dfb75929,sugik irwan,Buka aplikasinya kok selalu terus muncul koneksi terputus. cek koneksi anda. padahal koneksi lancar banget. hee.. 😡,1,0,2026-05-06 08:58:06,3.3.0
3cadb344-3ece-43aa-8f12-1e12d41a7df6,ZULFIAN,Bagus aplikasinya tapi untuk fitur tukar poinnya gax ada,5,0,2026-05-05 17:18:07,3.3.0
41519e35-e9c0-44dc-8715-9de83f9ec8ba,Muhammad Rivaldyi Alfarezi,"saya telah melakukan pembelian data kuota dan transaksi sukses tetapi data tidak masuk sudah 24 jam lebih belum masuk"" gimana untuk melakukan melaporan",1,0,2026-05-05 14:21:54,3.3.0
feb7b02b-fabb-4d6c-926c-97e8bcbca647,lenii Marlina,maaf sebelumnya tak kasih bintang 1 dlu.. sudah beberapa bulan kedepannya Sinyal nyah agga lelet. mohon di perbaiki. di jaman super canggih ini masih tidak di update untuk jaringan nyah. mungkin hanya ini saja. untuk mengenai kedepannya nyah agar dapat memberikan pelayanan terbaik. terimakasih,1,1,2026-05-05 12:22:47,3.3.0
6aab453d-f5b8-42a1-8b1a-8763b2e482e0,Muh. Abbas,"kenapa ada spam koneksi terputus Mulu tampilannya, ganggu",1,0,2026-05-05 10:44:36,3.3.0
d6493b49-242c-40d3-9ae9-08afad9692dc,Galih Fahrulrozi,"Cukup puas, Tapi saran saya tolong tambahkan fitur bayar pake Qris.",4,1,2026-05-05 07:34:46,3.3.0
282ac518-1772-4cb7-a107-138466387b74,Michelle Jihan,Lumayan ringan aplikasinya,4,0,2026-05-05 05:36:54,
2c633ff2-3edd-40ef-a4f9-6612078e314b,bewok Bewok,mahal doaang kualitas makin buruk,1,0,2026-05-05 04:45:16,3.3.0
c7fd873c-9ac4-45ca-874c-1f531353ce0a,Nofri Santoso,"paket mahal dikombinasikan sinyal lelet,satu bintang terlalu mewah",1,0,2026-05-05 01:25:15,2.0.0
4a34466c-f153-4cc5-93d4-3f40cc99b47e,DEWI SUKMAWATI,best app,5,0,2026-05-04 21:35:44,
bbf2afd9-15e0-4035-857a-5cbd64c6a2eb,Tengku Nurjaman,tolol login doang belum apa apa udah kepotong pulsanya,1,0,2026-05-04 19:43:34,3.3.0
aac2b98e-113f-40f6-ba43-4c52ed328485,Frans Minan,puas,5,0,2026-05-04 18:15:20,
dd9168d1-0a80-486f-b086-f28f37e174b2,Aan Setiawan,sinyal jelek,2,0,2026-05-04 13:05:54,
4222af07-4ad5-4c4c-9928-ea5d69ae0d28,Valen Mait,mantap,5,0,2026-05-04 06:35:04,3.3.0
dedfc67b-a3ff-4fd1-9b7e-af2243212811,acep Kartiwa,good yes,4,0,2026-05-04 05:44:53,3.3.0
2b9cfde1-bcf9-4f4b-9f62-674add12d635,anhar aan,ok,5,0,2026-05-03 23:47:48,3.3.0
bbaaf5f1-ca52-49f2-a739-72f480431dfd,YANRI HERISON MESAKH,"aplikasi nya sama saja dengan my Telkomsel tetap berat, padahal ukuran my Telkomsel Basic kecil saja, tapi berat sekali, jaring lancar buka video youtube mulus",1,1,2026-05-03 23:38:06,
21a1f81d-6826-443b-a913-e81b1ce10ff5,Budi Wijanarko,"pdahal suka lebih simpel ,tapi beli paketan di apk in malah gak masuk.padahal saldo dah berkurang.saya sangat kecewa",1,0,2026-05-03 09:55:07,
0e2d5e85-3724-4b99-822d-ff4270012499,Djamall Iqball,menyenangkan,5,0,2026-05-03 07:59:04,3.3.0
2fa95ff8-3783-4a0b-829d-5cf2e48a6104,Sraine Annase,"koneksi internet terputus terus aja padahal jaringan bagus, pas login ampe beberapa haripun tetep sama, hapus aja kalo gk bisa dipake, unaktif aja, g guna",1,1,2026-05-03 06:48:45,
a0e0b953-6fc9-4d13-b1e8-14bcef5fdf89,Lalu Wigi Satriawan,memuaskan,4,0,2026-05-03 04:39:14,3.3.0
e7a46632-a806-4b19-922b-ead959157f96,Bakicod,Mantap sangat keren 👍👍👍👍,5,0,2026-05-03 00:47:41,
62de1ba8-24d2-4bfd-946f-c5ae35ca9bcc,Badriwan AdiJaya,sering loading apk nya,4,0,2026-05-02 21:19:48,3.3.0
e5f1eab2-f5e8-49aa-98fd-4d0a38db8f21,Awi Aja,aplikasi sering error,1,1,2026-05-02 20:03:27,3.3.0
28bbb5a0-3b1c-465f-9f37-06076ff0bb78,Hp Infinix,ok,5,0,2026-05-02 19:06:35,3.3.0
c13eb6da-e63c-43ee-a9dc-3b82abb07fd1,Nita Jana,Hanya TIDAK BISA di pakai untuk TUKAR POINT,1,0,2026-05-02 14:46:41,3.3.0
3edfa446-f6bc-4b05-b804-d47812d2d38b,Misbach Munir,busuk,1,1,2026-05-02 09:45:28,3.3.0
5ced46b4-4598-4ddc-8274-04814294358d,Dewi Rahayu 23,kenapa setiap habis maketin misal masih ada sisa pulsa suka keambil data berbayar padahal sudah jelas udah ada sms kalo data sudah aktif parah banget telkomsel,1,0,2026-05-02 09:01:57,3.3.0
be10ebb6-be8f-4856-b70d-2f4c2eaf57a6,M Toyib,sayang sekali di bagian menu lain ada yang bwrtuliskan untitled wcms,4,0,2026-05-02 05:42:46,3.3.0
d8f8f042-7df9-4fbd-8b17-f110ec4824e8,bambang utomo,best friends,5,0,2026-05-02 02:35:58,3.3.0
eb1d489e-66e0-4ae2-b471-f3596d260ebf,Husor Pardede,"direkomendasi pakai basic, malah gak berguna. koneksi terputus.",1,0,2026-05-02 01:31:00,3.3.0
2f8f50b3-66d9-4746-88e8-e26f52f4c738,budiselamet lestari,kenceng si sinyalnya tapi kemahalan min,3,0,2026-05-01 09:47:28,3.3.0
eba4a92c-c8b7-40ba-b247-aac7e9074800,heribertusrosi90 rosi,aktif kan pesan tekomsel,5,0,2026-05-01 05:12:49,3.3.0
330ef2b2-c5d6-43ca-897f-7af7dc53a1c1,Joko Rianto,mantap,5,0,2026-04-30 19:13:56,3.3.0
6d742d75-5660-44b4-97de-03504c1a86de,Panzie Akbar Hidayat,gagal terhubung terus.. padahal sinyal ada tidak error,1,0,2026-04-30 18:14:47,3.3.0
c6d2fc34-f30f-4035-812c-dbe2a5560428,Dima Andrawana23,saya beli paket internet di my Telkomsel basic paket nya tak masuk dan dana saya tak kembali. saya bayar pakai qris.,2,0,2026-04-30 15:18:44,
c14738a9-71d2-4d06-b9f6-08d314c2b6d7,Febri John,"kuota Telkomsel emang mahal ya, ngeriii",1,0,2026-04-30 14:44:19,
8d0480ed-67c5-4333-83ec-b4a3e46d6ece,stockemel,pemesanan instalasi wifi lambat admin selow respon,1,0,2026-04-30 13:02:32,3.3.0
fe4b6a14-30e4-4b5f-bc4c-5b52fe29924e,Dede,saya membeli paket saldo sudah terpotong paket tidak masuk,1,0,2026-04-30 12:54:55,3.3.0
13c39ed0-d66e-4b7e-81db-8e11eb521946,wahyu saputra,"saya beli paket pakai aplikasi ini, bayar pakai QRIS, saldo saya terpotong tapi pamberitahuan di sini pemberitahuannya gagal 👎👎",1,0,2026-04-30 12:06:07,3.3.0
17d4cf2d-6695-4487-b158-a144caf9466a,Yon Rada,saya suda beli kuota di sini tapi kuotanya tida masuk🤬,1,0,2026-04-30 11:21:39,3.3.0
9e1b0239-ab22-4660-a22b-bbbde450f321,Dika Dika,sagat baik dan seru,5,0,2026-04-30 10:59:33,3.3.0
9a45cc00-214f-4649-8157-7cf57c94f626,Ahmad Abdul Aziz,jaringannya sangat luas dan sinyal yang sangat kuat,5,0,2026-04-30 10:49:34,
46d2a8a7-928d-4376-86a9-5c1e7c098d79,Unix hitam putih Unix,mantullllll,5,0,2026-04-30 10:24:13,
60a2c2cb-7fe5-4f0c-98a5-004518e110b6,Slamet Hapidin,sip sangat membantu,5,0,2026-04-30 10:24:03,
3e2acdeb-281d-4309-83a7-6c16e051de58,Sukron Anhar,sangat membantu,5,0,2026-04-30 09:56:21,3.3.0
d00a2c2d-1af2-446c-98d8-518b36cd0f39,Raka Meydha,"Beli paket udah kepotong saldo, kuota masih belom masuk,. Parah banget",1,0,2026-04-30 09:19:33,3.3.0
7fa1673f-c8b9-430f-9ff6-50a77454a3c0,warnatinta “warnatinta”,"kenapa sering ada notif ""KONEKSI TERPUTUS""?? padahal koneksi aman",4,0,2026-04-30 07:14:32,3.3.0
c2563b65-6e98-428c-bcfe-1cb50cdc043a,Didik Badrus Sholeh,lumayan bermanfaat dan ringan ke hp recommended banget,5,0,2026-04-30 07:11:27,3.3.0
8e15dc40-f771-41fd-8e45-008953010526,Oka Adnyana,"sudah beralih ke mytelkomsel basic, tapi tetap saja jelek. selalu muncul notif koneksi terputus....! apa apaan ini telkomsel...! ga ada profesionalnya...!",1,0,2026-04-30 07:07:13,3.3.0
a30044c6-3b5f-41f7-8ad9-c844a92e61c0,Endang Setiawan,ok,5,0,2026-04-30 06:23:23,3.3.0
46c3fce3-821f-4138-af17-1c85e3c1f6e2,Ako Afkazilyan,"Operator paling pelit, Kirim permintaan kode OTP untuk buka aplikasi aja harus bayar. Beda sama operator lain yg sudah murah aplikasi lancar gak banyak mintak duit. saya pakai tsel terpaksa karena ditempat sekarang cuma telkomsel yg banyak dipakai disini.",1,0,2026-04-30 04:58:37,
ff21e2bc-e768-4432-9b86-cc0b6e96a82a,M Fauji,"mending kalo cuma lambat,ini loading doang akhirnya ga kebuka.",4,0,2026-04-29 22:16:04,3.3.0
318685f2-e395-4f6c-9f34-7d2eca5b348f,Maria Juwita Bria,jaringan telkomsel Akhir-akhir ini buruk skli,1,0,2026-04-29 21:03:41,3.3.0
a3d3cd6f-de14-4d8f-9a8a-ea781408e8db,"Mus Lim, S. Pd",memadai,4,0,2026-04-29 15:29:02,3.3.0
b8db25c0-f2d2-46da-a575-20293d8cfc93,abdoel abdoel,MMANTUUUUUL POKOKE...,5,0,2026-04-29 13:24:39,3.3.0
691b691b-9537-40f8-8da1-981209b9dac1,Fery Ry,selalu di suruh muat ulang padahal jaringan sudah bagus,1,0,2026-04-29 08:16:55,3.3.0
856597e1-8624-4d90-b508-85e80e1041ae,prakoso abdel,"aplikasi busuk, mau buka aplikasinya aja lama banget padahal jaringan udah 5G",1,0,2026-04-29 00:41:00,3.3.0
b0fe0592-d1d6-4b71-a716-4232baa60e65,Kihong Sama,"apk Loading, pas ngisi Pulsa ada info ini: Selamat, Anda mendapatkan kuota RechargeFreedom sebesar 100 Minutes. Cek kuota di *888# atau akses My Telkomsel App. eh pas dibuka sesuai petunjuk, gak ada gmn sih.? bilang aja promo atau ngapusi? 5 tahun terakhir aku kecewa dengan layanan Telekomsel jd malas ngisi pulsa. Kirain Produk dalam Negeri di pertahankan kualitas nya, jangan bikin berpaling ke operator lain.",2,1,2026-04-28 19:18:15,3.3.0
f5fd4a7a-a9d5-4618-a126-9bb103bb375c,Vaintz,"dari admin my telkomsel disuruh pakai aplikasi ini karena aplikasi my Telkomsel terlalu berat pakai ini enteng ga ada iklan, Iya Betu. lalu yg jadi pertanyaannya untuk bayar atau cek FUP wifinya gimana kalau cuma bisa cek kuota dan beli paket, bisa telpon UMB /USSD",1,1,2026-04-28 18:51:44,3.3.0
010d1a79-119a-4706-b968-9030c7d835f3,Nibiru,PENYEDIA LAYANAN INTERNET TERBURUK DI INDONESIA.,1,0,2026-04-28 18:02:41,
287dada9-d180-4932-932c-33bd1931d0a4,Aryandi Metrizal Alimas,kacau banget,1,0,2026-04-28 18:00:51,3.3.0
07df34af-fb8e-4688-90c5-8c1c0e59c732,Afrizal Izal,"mhl bgt woi, ak bru download dan pas ku liat ko mhl"" bgt si, gda yg 100Rp apa?, ginilah.. klo mhl tu jgn sering ngelag sih, ak main game smpe nangis krna ngelag trs, trs mlh kalh lg jd tambah kesal dh😑😑, lma2 pindah ke xl klo gni",3,1,2026-04-28 17:20:51,3.3.0
80108eaa-aa0f-4ffe-92f0-3902b0b29b27,Burhan,parah.,2,0,2026-04-28 14:51:03,3.3.0
a5667f7d-85bb-44b9-8378-5399ff5fc70a,Alex Turner Mayer,"sudah bagus 30 hari, ngapain kuota cuma berlaku 28 hari bosss ???",2,0,2026-04-28 05:00:08,3.3.0
6d81dbb1-599b-4fc5-8532-dcfb42355804,Sukidi Sukidi,ringan dan cepat tapi kenapa harus login terus ya,5,0,2026-04-27 16:28:59,3.3.0
6e053933-1888-44e8-83e8-7615d5f432a6,Rudi Cahyadi,ga bisa buka quis,1,0,2026-04-27 16:27:48,3.3.0
3a2b7d43-2424-4ab7-b922-375774f7f039,bustami alam,mantap,5,0,2026-04-27 13:57:59,3.3.0
ab93e9dc-bc5b-4ecf-940a-f689683a9fdb,indarti iin,"sama aja, mana katanya lebih ringan, buka app aja loading sampai 10 detik, lalu selalu muncul tulisan koneksi terputus, apa maksudnya coba? cobalah diupdate yg bener ini app, masa update terakhir kulihat agustus tahun lalu! minimal 3 bulan sekali lah...",2,17,2026-04-27 13:34:32,3.3.0
c79f607f-f571-434f-93c4-e6be688fab10,Muhammad Ali Huseng,bermanfaat buat tablet atau hp RAM nya rendah atau RAM 4 GB ke bawah,5,0,2026-04-27 13:27:01,3.3.0
4145df6a-f0da-4c0f-a7b1-713adeb95c8a,shine ardhania,"otp ga masuk,ganti hp pun sama. pulsa ada quota ada.",1,0,2026-04-27 06:14:20,3.3.0
fcd35510-412c-460a-b7b7-1fcf90fb502e,Amrizal Tanjungsam,ok,5,0,2026-04-27 05:21:33,3.3.0
5a67296b-e091-4682-ba69-dcd3952c2d30,Bang man cc,Mytelkomsel sungguh sangat luar biasa,5,0,2026-04-26 21:36:05,3.3.0
4e9b1ac0-12c3-44e9-a222-8507d63aeaf4,giNs ginanjar,kadang tidak bisa di akses,4,0,2026-04-26 19:11:42,3.3.0
34f2e679-801f-4178-9c6d-e0b6d4e191ab,Andrie Alexander M,bisa buat beli koin di games royal match kah dengan menggunakan pulsa?,5,0,2026-04-26 18:43:27,
83014650-7b8f-4652-9a79-5525d375cb7c,Imam Mashuri,"""koneksi teputus, mohon cek koneksi anda, mulai ulang"" Perusahaan sangat besar, biki aplikasi 🤭",1,0,2026-04-26 15:22:16,3.3.0
006d2374-c080-467e-ad92-d95871d8efc5,Aries Tyo (Aries),"lebih simpel tampilan dan fiturnya dibandingkan dengan yg biasa, tapi agak lemot loading",3,0,2026-04-26 15:19:34,
7ed87510-4626-4d3f-9a02-ec01634274dc,Abdul Mamuri,buat cek data top banget...,5,0,2026-04-26 13:56:41,3.3.0
582a4533-2ace-483f-8237-f38f1d8b2530,feri dhopack,sama busuknya ternyata,1,0,2026-04-26 11:14:23,3.3.0
8611e25d-8fc7-467f-b4a3-fc25edcab07c,atmafii,"sering log out sendiri, ga pernah kasi harga terbaik harga murah kek 10 rb 7 hr pemakaian habis ga dikasi masa aktif kaya xl donk murah bagus ini aoa an coba ga jls kalo mau bagus ya terima kritik tp ada perbaikan kochag makanya ga heran orang"" ngeluhin ni telkom ama simpati",1,0,2026-04-26 08:29:13,3.3.0
565c9b3e-ad4e-4bd4-905e-72ef599b2da0,Ara Ara Ra,mantep,5,0,2026-04-26 07:51:51,
972a211a-5b01-40ab-bf9f-5b4d9142d3fc,Kimaze,sudah beli paket tapi kuota belum masuk sudah nunggu 8 jam,1,0,2026-04-26 07:32:38,
953299a1-74bb-4015-a9e1-4e57ace7d4c1,Siha Mahyana,mahalllllllll,2,0,2026-04-26 06:50:59,3.3.0
af17de64-464e-4b32-8afc-982ce1ac1bc4,Andi Patria,"lebih simpel, ringan, jelek nya beberapa hari kemudian tiap dibuka pasti minta daftarin nmr lagi minta kode otp",2,0,2026-04-26 06:46:09,3.3.0
4c2df6aa-1f67-4947-95c1-faf6c3152ddf,Martunis Sekadepa Tunis,Y Oke Baik Ta,4,0,2026-04-26 05:18:36,3.3.0
186edc21-9320-4110-9994-7f6489f59254,Irham Bataragowa,makin di update makin ribet dan nggak jelas banget.,1,0,2026-04-26 04:57:19,
a9aa91fd-ed74-4385-a846-cc9a66969f46,Stecu Stecu,saya beli paket knapa tidak masuk didana uang saya sudah terpotong paket ya belum masuk aplikasi apaan ini,1,0,2026-04-26 02:48:26,3.3.0
b7d631a6-4878-4d54-a6e3-c883bf3f6b22,Jayanti Wahyuningtias,"Saya beli paket internet dengan pembayaran lewat Qris. Qris sukses saldo sudah terpotong, tapi paket tidak kunjung saya terima. Sampai saat ini di aplikasi tertulis kuota saya 0. Kalau sudah begini, dimana saya bisa minta pertanggungjawaban?",1,1,2026-04-26 01:13:40,3.3.0
41f8edc4-fab2-4565-bc69-c56a9958862a,Kevin Nero,sinyal pagi siang sore jelek mulu makin hari makin kesel padahal provider nya yang rusak 🤣,1,0,2026-04-26 00:13:38,3.3.0
a15b61c6-4f2d-4c8d-8573-b074812b389b,setot,jangan pakai kartu Telkomsel kalian bkl nyesel,1,0,2026-04-26 00:08:15,3.3.0
b9ebc56a-8d32-4c3c-82a5-78d117a204e7,Iduyh hw69,ok,5,0,2026-04-25 21:46:37,3.3.0
d6fa63e7-e5a2-4a03-8a0e-6703165be48f,Muhammad Isam,"intinya aja beli paket liat paket udh gausah banyak cacicu apalah banyak banget gagunanya , 1 lagi benerin jaringan busuk lo , mau gua ganti ni kartu udh banyak nyangkut di atm dll jdi g gua ganti, kocak telkomsel",1,0,2026-04-25 20:55:47,
1af23632-9362-4218-812b-d09cb0082776,Tri,Makin hari bukanya makain bagus sinyalnya makin parah pket mahal sinyal lemot parah buat buka aplikasinya sendiri aj ga kebuka parah,1,0,2026-04-25 18:22:16,3.3.0
47480283-e2fd-4492-9c7f-f13e4ac6aece,Dea Ariesta,"harga paket mahal ga sesuai sama jaringan,jaringan lemot saya berkali2 payment gagal",1,0,2026-04-25 15:45:04,3.3.0
13feab54-bc70-41cf-b743-ba166c5d2d38,Azis Muslim,Aplikasi paling lola,1,0,2026-04-25 10:26:36,
9d89e459-4be4-4030-99aa-ef1779cd3db6,Tinna Ajaaa (Tina),membantu sekali,4,0,2026-04-25 08:47:53,
24921331-22eb-49ed-9010-b2e81155fb3e,Leo Jamaluddin,"aplikasi mblegedusss ... di TELKOMSEL katanya tempat orang pintar, masa bikin aplikasi operator service aja ga ada yang becus. aplikasi lemot loading terus login ribet dan susah tiba tiba log out sendiri semua aplikasi operator service Telkomsel yang pernah dibuat seperti itu.",1,0,2026-04-25 07:38:19,3.3.0
f7e210e5-c021-4849-b0c2-2021082f30b5,nyoman suantana,sudah bagus koneksi internet nya telkomsel...,5,0,2026-04-24 21:22:35,3.3.0
7d3d6d8a-837f-434a-828b-89dff3477b48,Rengki Rengki,aplikasi terburuk .paket data masih banyak malah gk bisa di gunakan padahal masa aktif masih lama .aplikasi sampah penipuan,1,0,2026-04-24 20:22:15,
99655ff9-d171-4d9b-aff7-51435fcb6321,Bayu Danarto,"makin update malah makin ancur 😭, sering banget gagal pas cek kuota, parah2nya log out sendiri dan susah login",1,0,2026-04-24 16:11:47,
5219f154-624d-4cb3-9721-0df9ec111440,Wasis Handoko,kok lemot klo buka,5,0,2026-04-24 15:56:18,3.3.0
41d4944a-22d5-4113-8d3f-07dfcddd1432,Reinka Rex,"aplikasi nyusahin doang, lemot",1,0,2026-04-24 11:05:16,
3b1b864d-8460-490e-9ada-b5193a517746,Syarifah 76,"mau cek pulsa dan kuota harus masuk lagi dan harus masukin kode. otp, tapi kenapa kode nya gak masuk masuk. mumet terus",1,0,2026-04-24 10:31:37,3.3.0
e2fe45af-5c1e-4fdd-aca2-2c3c0e70b168,ahmad luthfi,sinyal bagus tapi ngga bisa masuk,1,0,2026-04-24 10:16:15,3.3.0
71405667-a4b7-48f2-9f92-de093b41e579,Muhaimin Buraerah,ok,5,0,2026-04-24 07:35:02,3.3.0
25252b0d-9f76-4813-912f-394d6f2bde73,Woi Yulius,sekarang susah masuk aplikasinya...selalu muncul koneksi terputus.,4,0,2026-04-24 06:25:52,3.3.0
1882a792-f6c1-4356-acfd-305256fd0818,Wahyu Nosenz,G jelas suka eror koneksinya,1,0,2026-04-23 23:33:07,3.3.0
a91fd224-7b59-4a32-b704-101a9ec30f57,Budi Suryaman,sering eroor. loow respon,3,0,2026-04-23 22:42:56,3.3.0
91b56721-c287-4fe8-aca9-4bd1da9eab14,Hendrial Lette,ok. .,5,0,2026-04-23 18:04:43,3.3.0
2d84bb29-8bbe-4947-8bdd-0757afe3fc84,widiya khasanah,layanan GK pernah jelas,1,0,2026-04-23 15:46:34,3.3.0
c1613233-88ae-4e1d-af1d-7563c7f6e49c,Zack Lee,sangat baik jaringan bagus anti lelet,5,0,2026-04-23 13:04:19,3.3.0
619e27bc-f6b5-417d-9157-1c821b027c9a,Muhammad amin Sultoni,PADAHAL YG BASIC TAPI SUUUUUUSAH SEKALI MASUKNYA... KAMU ITU BUMN bukan UMKM...!!!!!!!!! SEKELAS BUMN BIKIN APLIKASI AJA NGGA BECUS.... !!!!!,1,0,2026-04-23 08:54:41,3.3.0
0e9ee30e-2e62-439d-b74f-3c6dc1146d0f,Muhamad Arifin,"nyesel pake Telkomsel udah beli paket mahal² jaringan ga stabil, mana lebih boros paket nya kecewa banget",1,0,2026-04-23 07:31:05,3.3.0
9f26a466-a4ed-4427-88f2-8dcc29115500,ҽղժɑղց ՏҽԵíɑաɑղ,lebih mudah dipergunakan walaupun sering loading.,5,0,2026-04-22 23:33:32,3.3.0
27abe97c-b2a8-41ab-bda2-c0e6ee27a278,Eri Yadi,sinyal kagak jelas sering lag,1,0,2026-04-22 22:38:48,3.3.0
35353a14-26ee-4b37-93a9-5a54179cd0bc,RIZAL,pelestos nya ko tak bisa donglot kak,5,0,2026-04-22 21:14:27,3.3.0
f337375f-e0ac-4150-829f-27dd2021f461,Bilaa Chan,makin lama make NY makin GK ngotak harga NY makin naik :(,1,0,2026-04-22 19:59:55,3.3.0
e7863d72-d26c-435f-b751-b5025a318af3,Baby Girl,katanya kalo bayar pakai shopeepay cashback tapi gk ada cash back nyaa hmmm,3,0,2026-04-22 16:17:16,
89b334eb-1dbe-4318-ab55-f48dc7c9741a,Aan Riyadi,"ngebug,koneksi putus terus",1,0,2026-04-22 12:25:28,
d3c14cff-a7b3-49fd-91a7-2b1c02c4810d,ARIPIN IPIN,Bagus 👍,5,0,2026-04-22 11:19:39,3.3.0
5a990c70-3140-4563-9153-f5ef98809e00,Danang Wijanarko,Coba,5,0,2026-04-22 04:52:26,3.3.0
6e6b491a-286c-422d-b260-ebf832bc00ae,AndIt,koneksi terputus tiap kali buka apk nya. padahal jaringan lancar,1,0,2026-04-22 00:03:41,3.3.0
680deb49-5df8-47c2-9d23-44cec6f47032,asmen nst,ok 👌,5,0,2026-04-21 20:31:26,3.3.0
bb52625a-691a-4dc2-bda4-2622187247d7,Yongkii Cool,"setiap buka app nya , selalu ""koneksi terputus""",1,0,2026-04-21 01:29:43,3.3.0
